{
  "overall": {
    "accuracy": 0.5846490030046435,
    "precision_macro": 0.25504868932122393,
    "recall_macro": 0.28572608739507815,
    "f1_macro": 0.25227691335925434,
    "precision_weighted": 0.5360281170289994,
    "recall_weighted": 0.5846490030046435,
    "f1_weighted": 0.538936206884341,
    "n_samples": 18305
  },
  "per_class": {
    "Astro": {
      "precision": 0.7106972715461238,
      "recall": 0.7855433221637147,
      "f1": 0.7462482946793997,
      "support": 2089
    },
    "Endo": {
      "precision": 0.07142857142857142,
      "recall": 0.2,
      "f1": 0.10526315789473684,
      "support": 65
    },
    "Frem1": {
      "precision": 0.0,
      "recall": 0.0,
      "f1": 0.0,
      "support": 305
    },
    "L2/3": {
      "precision": 0.0,
      "recall": 0.0,
      "f1": 0.0,
      "support": 0
    },
    "L4": {
      "precision": 0.0,
      "recall": 0.0,
      "f1": 0.0,
      "support": 0
    },
    "L5IT": {
      "precision": 0.0,
      "recall": 0.0,
      "f1": 0.0,
      "support": 0
    },
    "L5NP": {
      "precision": 0.0,
      "recall": 0.0,
      "f1": 0.0,
      "support": 738
    },
    "L5PT": {
      "precision": 0.2222222222222222,
      "recall": 0.003316749585406302,
      "f1": 0.006535947712418301,
      "support": 1206
    },
    "L6CT": {
      "precision": 0.6180265309831001,
      "recall": 0.9348543155579989,
      "f1": 0.7441198993545564,
      "support": 3638
    },
    "L6IT": {
      "precision": 0.0,
      "recall": 0.0,
      "f1": 0.0,
      "support": 0
    },
    "L6b": {
      "precision": 0.0,
      "recall": 0.0,
      "f1": 0.0,
      "support": 109
    },
    "Lamp5": {
      "precision": 0.2808219178082192,
      "recall": 0.11081081081081082,
      "f1": 0.15891472868217055,
      "support": 370
    },
    "Micro": {
      "precision": 0.40974967061923584,
      "recall": 0.8603042876901799,
      "f1": 0.5551093261936635,
      "support": 723
    },
    "OD": {
      "precision": 0.7083333333333334,
      "recall": 0.5922905856189771,
      "f1": 0.645135244247073,
      "support": 4047
    },
    "OPC": {
      "precision": 0.558316430020284,
      "recall": 0.8198064035740878,
      "f1": 0.6642533936651583,
      "support": 1343
    },
    "Pvalb": {
      "precision": 0.6739741427768409,
      "recall": 0.5592350746268657,
      "f1": 0.6112668875860311,
      "support": 2144
    },
    "Sst": {
      "precision": 0.33730631704410013,
      "recall": 0.27690802348336596,
      "f1": 0.30413756045137025,
      "support": 1022
    },
    "Stac": {
      "precision": 0.0,
      "recall": 0.0,
      "f1": 0.0,
      "support": 0
    },
    "VLMC": {
      "precision": 0.0,
      "recall": 0.0,
      "f1": 0.0,
      "support": 0
    },
    "Vip": {
      "precision": 0.0,
      "recall": 0.0,
      "f1": 0.0,
      "support": 506
    }
  }
}