{
  "overall": {
    "accuracy": 0.9447145588636985,
    "precision_macro": 0.6314200824946277,
    "recall_macro": 0.647260810621868,
    "f1_macro": 0.6168170098531957,
    "precision_weighted": 0.972899920304423,
    "recall_weighted": 0.9447145588636985,
    "f1_weighted": 0.9530112809633573,
    "n_samples": 18305
  },
  "per_class": {
    "Astro": {
      "precision": 0.9947343226424127,
      "recall": 0.9947343226424127,
      "f1": 0.9947343226424127,
      "support": 2089
    },
    "Endo": {
      "precision": 0.9411764705882353,
      "recall": 0.9846153846153847,
      "f1": 0.9624060150375939,
      "support": 65
    },
    "Frem1": {
      "precision": 0.9813084112149533,
      "recall": 0.3442622950819672,
      "f1": 0.5097087378640777,
      "support": 305
    },
    "L2/3": {
      "precision": 0.0,
      "recall": 0.0,
      "f1": 0.0,
      "support": 0
    },
    "L4": {
      "precision": 0.0,
      "recall": 0.0,
      "f1": 0.0,
      "support": 0
    },
    "L5IT": {
      "precision": 0.0,
      "recall": 0.0,
      "f1": 0.0,
      "support": 0
    },
    "L5NP": {
      "precision": 0.9579100145137881,
      "recall": 0.8943089430894309,
      "f1": 0.9250175192711984,
      "support": 738
    },
    "L5PT": {
      "precision": 0.9974489795918368,
      "recall": 0.972636815920398,
      "f1": 0.9848866498740554,
      "support": 1206
    },
    "L6CT": {
      "precision": 0.9809281627463445,
      "recall": 0.8482682792743266,
      "f1": 0.9097877358490566,
      "support": 3638
    },
    "L6IT": {
      "precision": 0.0,
      "recall": 0.0,
      "f1": 0.0,
      "support": 0
    },
    "L6b": {
      "precision": 0.1953405017921147,
      "recall": 1.0,
      "f1": 0.3268365817091454,
      "support": 109
    },
    "Lamp5": {
      "precision": 0.9532467532467532,
      "recall": 0.9918918918918919,
      "f1": 0.9721854304635762,
      "support": 370
    },
    "Micro": {
      "precision": 0.9944367176634215,
      "recall": 0.9889349930843707,
      "f1": 0.9916782246879334,
      "support": 723
    },
    "OD": {
      "precision": 0.9958045409674235,
      "recall": 0.9970348406226834,
      "f1": 0.9964193110260526,
      "support": 4047
    },
    "OPC": {
      "precision": 0.9757531227038942,
      "recall": 0.9888309754281459,
      "f1": 0.9822485207100592,
      "support": 1343
    },
    "Pvalb": {
      "precision": 0.9975751697381183,
      "recall": 0.9594216417910447,
      "f1": 0.9781264859724204,
      "support": 2144
    },
    "Sst": {
      "precision": 0.9271402550091075,
      "recall": 0.9960861056751468,
      "f1": 0.960377358490566,
      "support": 1022
    },
    "Stac": {
      "precision": 0.0,
      "recall": 0.0,
      "f1": 0.0,
      "support": 0
    },
    "VLMC": {
      "precision": 0.0,
      "recall": 0.0,
      "f1": 0.0,
      "support": 0
    },
    "Vip": {
      "precision": 0.7355982274741507,
      "recall": 0.9841897233201581,
      "f1": 0.841927303465765,
      "support": 506
    }
  }
}