{
  "overall": {
    "accuracy": 0.5827369571155422,
    "precision_macro": 0.48482134304696584,
    "recall_macro": 0.4578146878771929,
    "f1_macro": 0.4380963297394266,
    "precision_weighted": 0.6151434119254371,
    "recall_weighted": 0.5827369571155422,
    "f1_weighted": 0.5792211585145034,
    "n_samples": 18305
  },
  "per_class": {
    "Astro": {
      "precision": 0.0,
      "recall": 0.0,
      "f1": 0.0,
      "support": 2089
    },
    "Endo": {
      "precision": 0.9956458635703919,
      "recall": 0.9851603638104356,
      "f1": 0.9903753609239654,
      "support": 65
    },
    "Frem1": {
      "precision": 1.0,
      "recall": 0.9846153846153847,
      "f1": 0.9922480620155039,
      "support": 305
    },
    "L2/3": {
      "precision": 0.381294964028777,
      "recall": 0.8688524590163934,
      "f1": 0.53,
      "support": 0
    },
    "L4": {
      "precision": 0.0,
      "recall": 0.0,
      "f1": 0.0,
      "support": 0
    },
    "L5IT": {
      "precision": 0.010146561443066516,
      "recall": 0.007462686567164179,
      "f1": 0.008600095556617296,
      "support": 0
    },
    "L5NP": {
      "precision": 0.009291521486643438,
      "recall": 0.0021990104452996153,
      "f1": 0.003556345854634363,
      "support": 738
    },
    "L5PT": {
      "precision": 0.0,
      "recall": 0.0,
      "f1": 0.0,
      "support": 1206
    },
    "L6CT": {
      "precision": 0.6,
      "recall": 0.3853211009174312,
      "f1": 0.4692737430167598,
      "support": 3638
    },
    "L6IT": {
      "precision": 0.8421052631578947,
      "recall": 0.08648648648648649,
      "f1": 0.1568627450980392,
      "support": 0
    },
    "L6b": {
      "precision": 0.9972183588317107,
      "recall": 0.991701244813278,
      "f1": 0.9944521497919556,
      "support": 109
    },
    "Lamp5": {
      "precision": 0.9928799410753744,
      "recall": 0.9992587101556709,
      "f1": 0.9960591133004926,
      "support": 370
    },
    "Micro": {
      "precision": 0.9830508474576272,
      "recall": 0.9932985852568875,
      "f1": 0.9881481481481481,
      "support": 723
    },
    "OD": {
      "precision": 0.940084388185654,
      "recall": 0.519589552238806,
      "f1": 0.6692700510663863,
      "support": 4047
    },
    "OPC": {
      "precision": 0.49024512256128067,
      "recall": 0.958904109589041,
      "f1": 0.6487917907977491,
      "support": 1343
    },
    "Pvalb": {
      "precision": 0.0,
      "recall": 0.0,
      "f1": 0.0,
      "support": 2144
    },
    "Sst": {
      "precision": 0.0,
      "recall": 0.0,
      "f1": 0.0,
      "support": 1022
    },
    "Stac": {
      "precision": 0.0,
      "recall": 0.0,
      "f1": 0.0,
      "support": 0
    },
    "VLMC": {
      "precision": 0.0,
      "recall": 0.0,
      "f1": 0.0,
      "support": 0
    },
    "Vip": {
      "precision": 0.0,
      "recall": 0.0,
      "f1": 0.0,
      "support": 506
    }
  }
}