{
  "overall": {
    "accuracy": 0.8851133570062825,
    "precision_macro": 0.6559148776073987,
    "recall_macro": 0.5764511481522538,
    "f1_macro": 0.5765164588368248,
    "precision_weighted": 0.9313975813856573,
    "recall_weighted": 0.8851133570062825,
    "f1_weighted": 0.8799038949982705,
    "n_samples": 18305
  },
  "per_class": {
    "Astro": {
      "precision": 0.9903846153846154,
      "recall": 0.9861177596936334,
      "f1": 0.9882465819141281,
      "support": 2089
    },
    "Endo": {
      "precision": 0.8888888888888888,
      "recall": 0.9846153846153847,
      "f1": 0.9343065693430657,
      "support": 65
    },
    "Frem1": {
      "precision": 0.5343811394891945,
      "recall": 0.8918032786885246,
      "f1": 0.6683046683046683,
      "support": 305
    },
    "L2/3": {
      "precision": 0.0,
      "recall": 0.0,
      "f1": 0.0,
      "support": 0
    },
    "L4": {
      "precision": 0.0,
      "recall": 0.0,
      "f1": 0.0,
      "support": 0
    },
    "L5IT": {
      "precision": 0.0,
      "recall": 0.0,
      "f1": 0.0,
      "support": 0
    },
    "L5NP": {
      "precision": 1.0,
      "recall": 0.028455284552845527,
      "f1": 0.05533596837944664,
      "support": 738
    },
    "L5PT": {
      "precision": 0.9872068230277186,
      "recall": 0.7678275290215588,
      "f1": 0.8638059701492538,
      "support": 1206
    },
    "L6CT": {
      "precision": 0.8567955263797714,
      "recall": 0.9686641011544805,
      "f1": 0.909302025545091,
      "support": 3638
    },
    "L6IT": {
      "precision": 0.0,
      "recall": 0.0,
      "f1": 0.0,
      "support": 0
    },
    "L6b": {
      "precision": 0.6842105263157895,
      "recall": 0.5963302752293578,
      "f1": 0.6372549019607843,
      "support": 109
    },
    "Lamp5": {
      "precision": 0.9547511312217195,
      "recall": 0.5702702702702702,
      "f1": 0.7140439932318104,
      "support": 370
    },
    "Micro": {
      "precision": 0.9958275382475661,
      "recall": 0.9903181189488244,
      "f1": 0.9930651872399445,
      "support": 723
    },
    "OD": {
      "precision": 0.9858571080224335,
      "recall": 0.9990116135408945,
      "f1": 0.9923907707412862,
      "support": 4047
    },
    "OPC": {
      "precision": 0.9938556067588326,
      "recall": 0.9635145197319435,
      "f1": 0.9784499054820416,
      "support": 1343
    },
    "Pvalb": {
      "precision": 0.9777657266811279,
      "recall": 0.8409514925373134,
      "f1": 0.9042126379137412,
      "support": 2144
    },
    "Sst": {
      "precision": 0.6383647798742138,
      "recall": 0.9931506849315068,
      "f1": 0.7771822358346095,
      "support": 1022
    },
    "Stac": {
      "precision": 0.0,
      "recall": 0.0,
      "f1": 0.0,
      "support": 0
    },
    "VLMC": {
      "precision": 0.9740932642487047,
      "recall": 0.3715415019762846,
      "f1": 0.5379113018597997,
      "support": 0
    },
    "Vip": {
      "precision": 0.0,
      "recall": 0.0,
      "f1": 0.0,
      "support": 506
    }
  }
}