{
  "experiment_name": "mouse_opossum_comparison",
  "n_models": 2,
  "models": [
    "scgpt_Nov02-09-02",
    "seurat_mapquery_Nov04-15-27"
  ],
  "metrics_comparison": {
    "scgpt": {
      "overall": {
        "accuracy": 0.8213056541928435,
        "precision_macro": 0.501161792296306,
        "recall_macro": 0.530842016434987,
        "f1_macro": 0.4885949615750981,
        "precision_weighted": 0.8681926326063673,
        "recall_weighted": 0.8213056541928435,
        "f1_weighted": 0.8247725631691172,
        "n_samples": 18305
      },
      "per_class": {
        "Astro": {
          "precision": 0.9926470588235294,
          "recall": 0.9693633317376735,
          "f1": 0.9808670380237345,
          "support": 2089
        },
        "Endo": {
          "precision": 0.863013698630137,
          "recall": 0.9692307692307692,
          "f1": 0.9130434782608695,
          "support": 65
        },
        "Frem1": {
          "precision": 0.15853658536585366,
          "recall": 0.08524590163934426,
          "f1": 0.11087420042643924,
          "support": 305
        },
        "L2/3": {
          "precision": 0.0,
          "recall": 0.0,
          "f1": 0.0,
          "support": 0
        },
        "L4": {
          "precision": 0.0,
          "recall": 0.0,
          "f1": 0.0,
          "support": 0
        },
        "L5IT": {
          "precision": 0.0,
          "recall": 0.0,
          "f1": 0.0,
          "support": 0
        },
        "L5NP": {
          "precision": 0.43478260869565216,
          "recall": 0.02710027100271003,
          "f1": 0.05102040816326531,
          "support": 738
        },
        "L5PT": {
          "precision": 0.7196870925684485,
          "recall": 0.9154228855721394,
          "f1": 0.8058394160583942,
          "support": 1206
        },
        "L6CT": {
          "precision": 0.9594777127420081,
          "recall": 0.585761407366685,
          "f1": 0.7274278887182113,
          "support": 3638
        },
        "L6IT": {
          "precision": 0.0,
          "recall": 0.0,
          "f1": 0.0,
          "support": 0
        },
        "L6b": {
          "precision": 0.08932461873638345,
          "recall": 0.7522935779816514,
          "f1": 0.1596884128529698,
          "support": 109
        },
        "Lamp5": {
          "precision": 0.5737704918032787,
          "recall": 0.8513513513513513,
          "f1": 0.6855277475516867,
          "support": 370
        },
        "Micro": {
          "precision": 0.9985795454545454,
          "recall": 0.9723374827109267,
          "f1": 0.9852838121934128,
          "support": 723
        },
        "OD": {
          "precision": 0.9444314732664021,
          "recall": 0.9995058067704472,
          "f1": 0.9711884753901561,
          "support": 4047
        },
        "OPC": {
          "precision": 0.9585843373493976,
          "recall": 0.9478778853313478,
          "f1": 0.9532010482965182,
          "support": 1343
        },
        "Pvalb": {
          "precision": 0.8590492076730609,
          "recall": 0.960820895522388,
          "f1": 0.9070893879348305,
          "support": 2144
        },
        "Sst": {
          "precision": 0.7654690618762475,
          "recall": 0.7504892367906066,
          "f1": 0.7579051383399209,
          "support": 1022
        },
        "Stac": {
          "precision": 0.0,
          "recall": 0.0,
          "f1": 0.0,
          "support": 0
        },
        "VLMC": {
          "precision": 0.0,
          "recall": 0.0,
          "f1": 0.0,
          "support": 0
        },
        "Vip": {
          "precision": 0.7058823529411765,
          "recall": 0.8300395256916996,
          "f1": 0.7629427792915532,
          "support": 506
        }
      }
    },
    "seurat": {
      "overall": {
        "accuracy": 0.8633706637530729,
        "precision_macro": 0.6541770941732292,
        "recall_macro": 0.6116615755430748,
        "f1_macro": 0.5997126075171372,
        "precision_weighted": 0.9208557076494291,
        "recall_weighted": 0.8633706637530729,
        "f1_weighted": 0.8707560409964333,
        "n_samples": 18305
      },
      "per_class": {
        "Astro": {
          "precision": 0.9956458635703919,
          "recall": 0.9851603638104356,
          "f1": 0.9903753609239654,
          "support": 2089
        },
        "Endo": {
          "precision": 1.0,
          "recall": 0.9846153846153847,
          "f1": 0.9922480620155039,
          "support": 65
        },
        "Frem1": {
          "precision": 0.381294964028777,
          "recall": 0.8688524590163934,
          "f1": 0.53,
          "support": 305
        },
        "L2/3": {
          "precision": 0.0,
          "recall": 0.0,
          "f1": 0.0,
          "support": 0
        },
        "L4": {
          "precision": 0.0,
          "recall": 0.0,
          "f1": 0.0,
          "support": 0
        },
        "L5IT": {
          "precision": 0.0,
          "recall": 0.0,
          "f1": 0.0,
          "support": 0
        },
        "L5NP": {
          "precision": 0.7046223224351748,
          "recall": 0.8468834688346883,
          "f1": 0.7692307692307693,
          "support": 738
        },
        "L5PT": {
          "precision": 0.9872241579558653,
          "recall": 0.7048092868988391,
          "f1": 0.822447992259313,
          "support": 1206
        },
        "L6CT": {
          "precision": 0.9546379761558592,
          "recall": 0.9024189114898296,
          "f1": 0.9277942631058358,
          "support": 3638
        },
        "L6IT": {
          "precision": 0.0,
          "recall": 0.0,
          "f1": 0.0,
          "support": 0
        },
        "L6b": {
          "precision": 0.6,
          "recall": 0.3853211009174312,
          "f1": 0.4692737430167598,
          "support": 109
        },
        "Lamp5": {
          "precision": 0.8421052631578947,
          "recall": 0.08648648648648649,
          "f1": 0.1568627450980392,
          "support": 370
        },
        "Micro": {
          "precision": 0.9972183588317107,
          "recall": 0.991701244813278,
          "f1": 0.9944521497919556,
          "support": 723
        },
        "OD": {
          "precision": 0.9928799410753744,
          "recall": 0.9992587101556709,
          "f1": 0.9960591133004926,
          "support": 4047
        },
        "OPC": {
          "precision": 0.9830508474576272,
          "recall": 0.9932985852568875,
          "f1": 0.9881481481481481,
          "support": 1343
        },
        "Pvalb": {
          "precision": 0.940084388185654,
          "recall": 0.519589552238806,
          "f1": 0.6692700510663863,
          "support": 2144
        },
        "Sst": {
          "precision": 0.49024512256128067,
          "recall": 0.958904109589041,
          "f1": 0.6487917907977491,
          "support": 1022
        },
        "Stac": {
          "precision": 0.9061784897025171,
          "recall": 0.782608695652174,
          "f1": 0.8398727465535525,
          "support": 0
        },
        "VLMC": {
          "precision": 0.0,
          "recall": 0.0,
          "f1": 0.0,
          "support": 0
        },
        "Vip": {
          "precision": 0.0,
          "recall": 0.0,
          "f1": 0.0,
          "support": 506
        }
      }
    }
  }
}