model,accuracy,precision_macro,recall_macro,f1_macro,precision_weighted,recall_weighted,f1_weighted,n_samples
scgpt,0.8213056541928435,0.501161792296306,0.530842016434987,0.4885949615750981,0.8681926326063673,0.8213056541928435,0.8247725631691172,18305
seurat,0.8633706637530729,0.6541770941732292,0.6116615755430748,0.5997126075171372,0.9208557076494291,0.8633706637530729,0.8707560409964333,18305
