{
  "overall": {
    "accuracy": 0.8162250751160885,
    "precision_macro": 0.5378707107636828,
    "recall_macro": 0.5219178112352896,
    "f1_macro": 0.5181228419502508,
    "precision_weighted": 0.8789161200872418,
    "recall_weighted": 0.8162250751160885,
    "f1_weighted": 0.8357808724942457,
    "n_samples": 18305
  },
  "per_class": {
    "Astro": {
      "precision": 0.9936180657830143,
      "recall": 0.9688846337960747,
      "f1": 0.9810954920019389,
      "support": 2089
    },
    "Endo": {
      "precision": 0.9142857142857143,
      "recall": 0.9846153846153847,
      "f1": 0.9481481481481482,
      "support": 65
    },
    "Frem1": {
      "precision": 0.6216216216216216,
      "recall": 0.5278688524590164,
      "f1": 0.5709219858156028,
      "support": 305
    },
    "L2/3": {
      "precision": 0.0,
      "recall": 0.0,
      "f1": 0.0,
      "support": 0
    },
    "L4": {
      "precision": 0.0,
      "recall": 0.0,
      "f1": 0.0,
      "support": 0
    },
    "L5IT": {
      "precision": 0.0,
      "recall": 0.0,
      "f1": 0.0,
      "support": 0
    },
    "L5NP": {
      "precision": 0.3995354239256678,
      "recall": 0.46612466124661245,
      "f1": 0.43026891807379614,
      "support": 738
    },
    "L5PT": {
      "precision": 0.640531561461794,
      "recall": 0.7993366500829188,
      "f1": 0.7111766875691626,
      "support": 1206
    },
    "L6CT": {
      "precision": 0.9242928452579035,
      "recall": 0.6107751511819681,
      "f1": 0.7355180403839788,
      "support": 3638
    },
    "L6IT": {
      "precision": 0.0,
      "recall": 0.0,
      "f1": 0.0,
      "support": 0
    },
    "L6b": {
      "precision": 0.10238095238095238,
      "recall": 0.3944954128440367,
      "f1": 0.16257088846880907,
      "support": 109
    },
    "Lamp5": {
      "precision": 0.7704280155642024,
      "recall": 0.5351351351351351,
      "f1": 0.631578947368421,
      "support": 370
    },
    "Micro": {
      "precision": 0.9985775248933144,
      "recall": 0.970954356846473,
      "f1": 0.9845722300140253,
      "support": 723
    },
    "OD": {
      "precision": 0.9576231060606061,
      "recall": 0.9995058067704472,
      "f1": 0.978116309998791,
      "support": 4047
    },
    "OPC": {
      "precision": 0.9823008849557522,
      "recall": 0.9091586001489204,
      "f1": 0.9443155452436195,
      "support": 1343
    },
    "Pvalb": {
      "precision": 0.9494783086216365,
      "recall": 0.8064365671641791,
      "f1": 0.8721311475409836,
      "support": 2144
    },
    "Sst": {
      "precision": 0.6297760210803689,
      "recall": 0.9354207436399217,
      "f1": 0.752755905511811,
      "support": 1022
    },
    "Stac": {
      "precision": 0.0,
      "recall": 0.0,
      "f1": 0.0,
      "support": 0
    },
    "VLMC": {
      "precision": 0.0,
      "recall": 0.0,
      "f1": 0.0,
      "support": 0
    },
    "Vip": {
      "precision": 0.8729641693811075,
      "recall": 0.5296442687747036,
      "f1": 0.6592865928659286,
      "support": 506
    }
  }
}