{
  "overall": {
    "accuracy": 0.8785577711007921,
    "precision_macro": 0.6601505598691226,
    "recall_macro": 0.5547980255032554,
    "f1_macro": 0.5627627503187272,
    "precision_weighted": 0.930200626686953,
    "recall_weighted": 0.8785577711007921,
    "f1_weighted": 0.8741037225772574,
    "n_samples": 18305
  },
  "per_class": {
    "Astro": {
      "precision": 0.9889635316698656,
      "recall": 0.9865964576352322,
      "f1": 0.9877785765636233,
      "support": 2089
    },
    "Endo": {
      "precision": 0.9,
      "recall": 0.9692307692307692,
      "f1": 0.9333333333333333,
      "support": 65
    },
    "Frem1": {
      "precision": 0.5431578947368421,
      "recall": 0.8459016393442623,
      "f1": 0.6615384615384615,
      "support": 305
    },
    "L2/3": {
      "precision": 0.0,
      "recall": 0.0,
      "f1": 0.0,
      "support": 0
    },
    "L4": {
      "precision": 0.0,
      "recall": 0.0,
      "f1": 0.0,
      "support": 0
    },
    "L5IT": {
      "precision": 0.0,
      "recall": 0.0,
      "f1": 0.0,
      "support": 0
    },
    "L5NP": {
      "precision": 1.0,
      "recall": 0.018970189701897018,
      "f1": 0.03723404255319149,
      "support": 738
    },
    "L5PT": {
      "precision": 0.9875141884222475,
      "recall": 0.7213930348258707,
      "f1": 0.8337326305701964,
      "support": 1206
    },
    "L6CT": {
      "precision": 0.8502287503009872,
      "recall": 0.9705882352941176,
      "f1": 0.9064304967269927,
      "support": 3638
    },
    "L6IT": {
      "precision": 0.0,
      "recall": 0.0,
      "f1": 0.0,
      "support": 0
    },
    "L6b": {
      "precision": 0.7377049180327869,
      "recall": 0.41284403669724773,
      "f1": 0.5294117647058824,
      "support": 109
    },
    "Lamp5": {
      "precision": 0.9627659574468085,
      "recall": 0.4891891891891892,
      "f1": 0.6487455197132617,
      "support": 370
    },
    "Micro": {
      "precision": 0.9972144846796658,
      "recall": 0.9903181189488244,
      "f1": 0.9937543372657877,
      "support": 723
    },
    "OD": {
      "precision": 0.9860873810104955,
      "recall": 0.9982703236965653,
      "f1": 0.9921414538310412,
      "support": 4047
    },
    "OPC": {
      "precision": 0.9937694704049844,
      "recall": 0.9501116902457185,
      "f1": 0.9714503235629997,
      "support": 1343
    },
    "Pvalb": {
      "precision": 0.9659329140461216,
      "recall": 0.8596082089552238,
      "f1": 0.9096742349457059,
      "support": 2144
    },
    "Sst": {
      "precision": 0.6525096525096525,
      "recall": 0.9921722113502935,
      "f1": 0.7872670807453416,
      "support": 1022
    },
    "Stac": {
      "precision": 0.0,
      "recall": 0.0,
      "f1": 0.0,
      "support": 0
    },
    "VLMC": {
      "precision": 0.9770114942528736,
      "recall": 0.3359683794466403,
      "f1": 0.5,
      "support": 0
    },
    "Vip": {
      "precision": 0.0,
      "recall": 0.0,
      "f1": 0.0,
      "support": 506
    }
  }
}