{
  "overall": {
    "accuracy": 0.6520076481835564,
    "precision_macro": 0.3692329245545086,
    "recall_macro": 0.39019195263712747,
    "f1_macro": 0.3507959644290023,
    "precision_weighted": 0.7725766782254577,
    "recall_weighted": 0.6520076481835564,
    "f1_weighted": 0.6611626289310418,
    "n_samples": 18305
  },
  "per_class": {
    "Astro": {
      "precision": 0.9292929292929293,
      "recall": 0.9688846337960747,
      "f1": 0.9486758846965081,
      "support": 2089
    },
    "Endo": {
      "precision": 0.2935323383084577,
      "recall": 0.9076923076923077,
      "f1": 0.44360902255639095,
      "support": 65
    },
    "Frem1": {
      "precision": 0.0,
      "recall": 0.0,
      "f1": 0.0,
      "support": 305
    },
    "L2/3": {
      "precision": 0.0,
      "recall": 0.0,
      "f1": 0.0,
      "support": 0
    },
    "L4": {
      "precision": 0.0,
      "recall": 0.0,
      "f1": 0.0,
      "support": 0
    },
    "L5IT": {
      "precision": 0.0,
      "recall": 0.0,
      "f1": 0.0,
      "support": 0
    },
    "L5NP": {
      "precision": 0.1875,
      "recall": 0.14634146341463414,
      "f1": 0.1643835616438356,
      "support": 738
    },
    "L5PT": {
      "precision": 0.305661688086141,
      "recall": 0.7296849087893864,
      "f1": 0.43084455324357407,
      "support": 1206
    },
    "L6CT": {
      "precision": 0.9412393162393162,
      "recall": 0.24216602528862013,
      "f1": 0.38522081329252295,
      "support": 3638
    },
    "L6IT": {
      "precision": 0.0,
      "recall": 0.0,
      "f1": 0.0,
      "support": 0
    },
    "L6b": {
      "precision": 0.05362776025236593,
      "recall": 0.1559633027522936,
      "f1": 0.07981220657276995,
      "support": 109
    },
    "Lamp5": {
      "precision": 0.26912181303116145,
      "recall": 0.25675675675675674,
      "f1": 0.2627939142461964,
      "support": 370
    },
    "Micro": {
      "precision": 0.9554531490015361,
      "recall": 0.8603042876901799,
      "f1": 0.9053857350800583,
      "support": 723
    },
    "OD": {
      "precision": 0.9695674044265593,
      "recall": 0.9525574499629355,
      "f1": 0.9609871619095102,
      "support": 4047
    },
    "OPC": {
      "precision": 0.9044062733383121,
      "recall": 0.9017125837676843,
      "f1": 0.9030574198359433,
      "support": 1343
    },
    "Pvalb": {
      "precision": 0.7477522477522478,
      "recall": 0.6982276119402985,
      "f1": 0.7221418234442837,
      "support": 2144
    },
    "Sst": {
      "precision": 0.5694656488549619,
      "recall": 0.3649706457925636,
      "f1": 0.44484197972570066,
      "support": 1022
    },
    "Stac": {
      "precision": 0.0,
      "recall": 0.0,
      "f1": 0.0,
      "support": 0
    },
    "VLMC": {
      "precision": 0.0,
      "recall": 0.0,
      "f1": 0.0,
      "support": 0
    },
    "Vip": {
      "precision": 0.258037922506183,
      "recall": 0.6185770750988142,
      "f1": 0.3641652123327516,
      "support": 506
    }
  }
}