{
  "overall": {
    "accuracy": 0.7576618410270418,
    "precision_macro": 0.5016072788148753,
    "recall_macro": 0.4820022651821875,
    "f1_macro": 0.47247198136091983,
    "precision_weighted": 0.8434187120243936,
    "recall_weighted": 0.7576618410270418,
    "f1_weighted": 0.7650437046129862,
    "n_samples": 18305
  },
  "per_class": {
    "Astro": {
      "precision": 0.9926829268292683,
      "recall": 0.974150311153662,
      "f1": 0.9833293065957961,
      "support": 2089
    },
    "Endo": {
      "precision": 0.8591549295774648,
      "recall": 0.9384615384615385,
      "f1": 0.8970588235294118,
      "support": 65
    },
    "Frem1": {
      "precision": 0.5381679389312977,
      "recall": 0.46229508196721314,
      "f1": 0.4973544973544973,
      "support": 305
    },
    "L2/3": {
      "precision": 0.0,
      "recall": 0.0,
      "f1": 0.0,
      "support": 0
    },
    "L4": {
      "precision": 0.0,
      "recall": 0.0,
      "f1": 0.0,
      "support": 0
    },
    "L5IT": {
      "precision": 0.0,
      "recall": 0.0,
      "f1": 0.0,
      "support": 0
    },
    "L5NP": {
      "precision": 0.21468926553672316,
      "recall": 0.051490514905149054,
      "f1": 0.08306010928961749,
      "support": 738
    },
    "L5PT": {
      "precision": 0.4272974020938348,
      "recall": 0.9137645107794361,
      "f1": 0.5822985468956406,
      "support": 1206
    },
    "L6CT": {
      "precision": 0.9540380827314511,
      "recall": 0.3993952721275426,
      "f1": 0.563069172640961,
      "support": 3638
    },
    "L6IT": {
      "precision": 0.0,
      "recall": 0.0,
      "f1": 0.0,
      "support": 0
    },
    "L6b": {
      "precision": 0.06613756613756613,
      "recall": 0.22935779816513763,
      "f1": 0.1026694045174538,
      "support": 109
    },
    "Lamp5": {
      "precision": 0.6529680365296804,
      "recall": 0.772972972972973,
      "f1": 0.7079207920792079,
      "support": 370
    },
    "Micro": {
      "precision": 0.9949324324324325,
      "recall": 0.8146611341632088,
      "f1": 0.8958174904942966,
      "support": 723
    },
    "OD": {
      "precision": 0.8892307692307693,
      "recall": 0.9997529033852236,
      "f1": 0.9412585785739211,
      "support": 4047
    },
    "OPC": {
      "precision": 0.9719525350593312,
      "recall": 0.6708860759493671,
      "f1": 0.7938325991189428,
      "support": 1343
    },
    "Pvalb": {
      "precision": 0.9328287606433302,
      "recall": 0.9197761194029851,
      "f1": 0.9262564584311883,
      "support": 2144
    },
    "Sst": {
      "precision": 0.6784660766961652,
      "recall": 0.9001956947162426,
      "f1": 0.7737594617325484,
      "support": 1022
    },
    "Stac": {
      "precision": 0.0,
      "recall": 0.0,
      "f1": 0.0,
      "support": 0
    },
    "VLMC": {
      "precision": 0.0,
      "recall": 0.0,
      "f1": 0.0,
      "support": 0
    },
    "Vip": {
      "precision": 0.8595988538681948,
      "recall": 0.5928853754940712,
      "f1": 0.7017543859649122,
      "support": 506
    }
  }
}