{
  "overall": {
    "accuracy": 0.6935263589183284,
    "precision_macro": 0.4518352631468905,
    "recall_macro": 0.40686400452414556,
    "f1_macro": 0.3943702823074383,
    "precision_weighted": 0.8200201427224012,
    "recall_weighted": 0.6935263589183284,
    "f1_weighted": 0.7234198371505743,
    "n_samples": 18305
  },
  "per_class": {
    "Astro": {
      "precision": 1.0,
      "recall": 0.6390617520344662,
      "f1": 0.7797897196261683,
      "support": 2089
    },
    "Endo": {
      "precision": 0.9253731343283582,
      "recall": 0.9538461538461539,
      "f1": 0.9393939393939394,
      "support": 65
    },
    "Frem1": {
      "precision": 0.0,
      "recall": 0.0,
      "f1": 0.0,
      "support": 305
    },
    "L2/3": {
      "precision": 0.0,
      "recall": 0.0,
      "f1": 0.0,
      "support": 0
    },
    "L4": {
      "precision": 0.0,
      "recall": 0.0,
      "f1": 0.0,
      "support": 0
    },
    "L5IT": {
      "precision": 0.0,
      "recall": 0.0,
      "f1": 0.0,
      "support": 0
    },
    "L5NP": {
      "precision": 0.33695652173913043,
      "recall": 0.04200542005420054,
      "f1": 0.0746987951807229,
      "support": 738
    },
    "L5PT": {
      "precision": 0.4098360655737705,
      "recall": 0.020729684908789386,
      "f1": 0.03946329913180742,
      "support": 1206
    },
    "L6CT": {
      "precision": 0.920623671155209,
      "recall": 0.71412864211105,
      "f1": 0.8043343653250774,
      "support": 3638
    },
    "L6IT": {
      "precision": 0.0,
      "recall": 0.0,
      "f1": 0.0,
      "support": 0
    },
    "L6b": {
      "precision": 0.09502262443438914,
      "recall": 0.1926605504587156,
      "f1": 0.12727272727272726,
      "support": 109
    },
    "Lamp5": {
      "precision": 0.25,
      "recall": 0.002702702702702703,
      "f1": 0.0053475935828877,
      "support": 370
    },
    "Micro": {
      "precision": 0.9888423988842399,
      "recall": 0.9806362378976486,
      "f1": 0.9847222222222223,
      "support": 723
    },
    "OD": {
      "precision": 0.9960493827160494,
      "recall": 0.996787744007907,
      "f1": 0.9964184265777448,
      "support": 4047
    },
    "OPC": {
      "precision": 0.8552971576227391,
      "recall": 0.9858525688756515,
      "f1": 0.9159460394327222,
      "support": 1343
    },
    "Pvalb": {
      "precision": 0.9559210526315789,
      "recall": 0.6777052238805971,
      "f1": 0.7931222707423581,
      "support": 2144
    },
    "Sst": {
      "precision": 0.5651423641069888,
      "recall": 0.6409001956947162,
      "f1": 0.6006419073819349,
      "support": 1022
    },
    "Stac": {
      "precision": 0.0,
      "recall": 0.0,
      "f1": 0.0,
      "support": 0
    },
    "VLMC": {
      "precision": 0.2858056265984655,
      "recall": 0.883399209486166,
      "f1": 0.4318840579710145,
      "support": 0
    },
    "Vip": {
      "precision": 0.0,
      "recall": 0.0,
      "f1": 0.0,
      "support": 506
    }
  }
}