{
  "overall": {
    "accuracy": 0.8881180005462989,
    "precision_macro": 0.6536375428153042,
    "recall_macro": 0.5787714381673542,
    "f1_macro": 0.5774044686573806,
    "precision_weighted": 0.9217527182642419,
    "recall_weighted": 0.8881180005462989,
    "f1_weighted": 0.8759600303097691,
    "n_samples": 18305
  },
  "per_class": {
    "Astro": {
      "precision": 0.9903428295509416,
      "recall": 0.9818094782192437,
      "f1": 0.9860576923076924,
      "support": 2089
    },
    "Endo": {
      "precision": 0.9552238805970149,
      "recall": 0.9846153846153847,
      "f1": 0.9696969696969697,
      "support": 65
    },
    "Frem1": {
      "precision": 0.5171026156941649,
      "recall": 0.8426229508196721,
      "f1": 0.6408977556109726,
      "support": 305
    },
    "L2/3": {
      "precision": 0.0,
      "recall": 0.0,
      "f1": 0.0,
      "support": 0
    },
    "L4": {
      "precision": 0.0,
      "recall": 0.0,
      "f1": 0.0,
      "support": 0
    },
    "L5IT": {
      "precision": 0.0,
      "recall": 0.0,
      "f1": 0.0,
      "support": 0
    },
    "L5NP": {
      "precision": 1.0,
      "recall": 0.0013550135501355014,
      "f1": 0.0027063599458728013,
      "support": 738
    },
    "L5PT": {
      "precision": 0.9873853211009175,
      "recall": 0.7139303482587065,
      "f1": 0.8286814244465832,
      "support": 1206
    },
    "L6CT": {
      "precision": 0.8425882352941176,
      "recall": 0.9843320505772403,
      "f1": 0.9079614604462475,
      "support": 3638
    },
    "L6IT": {
      "precision": 0.0,
      "recall": 0.0,
      "f1": 0.0,
      "support": 0
    },
    "L6b": {
      "precision": 0.7191011235955056,
      "recall": 0.5871559633027523,
      "f1": 0.6464646464646465,
      "support": 109
    },
    "Lamp5": {
      "precision": 0.96,
      "recall": 0.4540540540540541,
      "f1": 0.6165137614678899,
      "support": 370
    },
    "Micro": {
      "precision": 0.9903181189488244,
      "recall": 0.9903181189488244,
      "f1": 0.9903181189488244,
      "support": 723
    },
    "OD": {
      "precision": 0.9798934108527132,
      "recall": 0.9995058067704472,
      "f1": 0.9896024464831804,
      "support": 4047
    },
    "OPC": {
      "precision": 0.9930715935334873,
      "recall": 0.960536113179449,
      "f1": 0.9765329295987888,
      "support": 1343
    },
    "Pvalb": {
      "precision": 0.9622942113648434,
      "recall": 0.8451492537313433,
      "f1": 0.8999255028557238,
      "support": 2144
    },
    "Sst": {
      "precision": 0.5965842167255595,
      "recall": 0.9911937377690803,
      "f1": 0.7448529411764706,
      "support": 1022
    },
    "Stac": {
      "precision": 0.0,
      "recall": 0.0,
      "f1": 0.0,
      "support": 0
    },
    "VLMC": {
      "precision": 0.925207756232687,
      "recall": 0.6600790513833992,
      "f1": 0.7704728950403691,
      "support": 0
    },
    "Vip": {
      "precision": 0.0,
      "recall": 0.0,
      "f1": 0.0,
      "support": 506
    }
  }
}